product,review
Smartphone X,"Battery life is excellent, lasts all day easily"
Smartphone X,"Camera quality is outstanding, photos look professional"
Smartphone X,"The phone heats up too much during gaming"
Laptop Pro 15,"Keyboard feels great and the display is very sharp"
Laptop Pro 15,"Worst laptop I have ever bought, it crashes every hour"
Laptop Pro 15,"Good performance for the price, very happy with it"
Wireless Earbuds,"Sound quality is amazing, noise cancellation works perfectly"
Wireless Earbuds,"They fell out of my ears constantly, very uncomfortable"
Wireless Earbuds,"Okay product, nothing special but does the job"
Smart Watch,"Love the fitness tracking features, very accurate"
Smart Watch,"Battery dies within a day, extremely disappointing"
Smart Watch,"Decent watch for the price, build quality is solid"
USB Hub,"Works perfectly with all my devices, no issues at all"
USB Hub,"Stopped working after one week, total waste of money"
Bluetooth Speaker,"Loud and clear sound, perfect for outdoor use"
